고객이름	지역	등록일
김 현성	H시	2018-01-04
김 도윤	E시	42782
김 지한	A시	2018-01-07
김 하윤	F시	42872
김 시온	E시	43127
김 예성	A시	2017-06-20
김 하람	H시	2018-06-11
김 호준	B시	2017-05-19
김 지완	G시	2018-02-12
김 주호	G시	2017-07-05
김 재원	E시	2018-03-31
김 승민	A시	2017-04-22
김 준형	C시	2018-03-09
김 동건	D시	2017-03-13
김 준서	E시	2018-01-24
김 수혁	G시	2017-06-09
김 진우	D시	2018-05-02
김 윤호	G시	2017-02-05
김 윤서	H시	2018-07-10
김 준희	H시	2017-07-08
김 윤우	A시	2018-03-12
김 동우	A시	42920
김 성빈	H시	2018-02-28
김 태준	E시	2017-05-16
김 태경	D시	2018-01-29
김 승후	C시	2017-03-17
김 현우	C시	2018-06-28
김 서준	C시	42901
김 주원	C시	2018-05-21
김 태인	F시	2017-03-12
김 승준	E시	2018-07-01
김 윤재	H시	2017-01-30
김 수민	A시	2018-02-06
김 승훈	C시	2017-01-30
김 하준	H시	2018-04-21
김 하율	F시	2017-04-01
김 우찬	C시	2018-04-07
김 준성	D시	2017-07-28
김 준혁	A시	2018-05-09
김 승찬	B시	2017-02-19
김 현승	A시	2018-01-08
김 지운	E시	2017-07-10
김 성민	A시	2018-02-06
김 지호	D시	2017-06-16
김 우준	D시	2018-05-22
김 승빈	G시	2017-07-07
김 재민	D시	2018-02-02
김 태민	H시	42741
김 주혁	C시	2018-02-22
김 정원	H시	42929
김 하랑	E시	2018-01-11
김 지우	G시	2017-04-11
김 예준	C시	2018-07-22
김 주영	E시	42833
김 민석	A시	2018-05-13
김 유빈	C시	2017-01-07
김 시훈	E시	2018-07-23
김 동현	C시	2017-05-30
김 라온	F시	2018-07-29
김 은우	E시	2017-01-04
김 민재	B시	2018-05-15
김 준후	B시	2017-04-18
김 현서	C시	2018-07-28
김 서후	A시	2017-05-23
김 재현	D시	2018-07-22
김 유준	D시	2017-04-04
김 찬우	F시	2018-07-16
김 도현	A시	2017-03-04
김 상민	H시	2018-02-24
김 재영	G시	2017-06-19
김 하진	C시	2018-05-18
김 범준	F시	2017-01-06
김 우진	H시	2018-05-14
김 지훈	A시	2017-06-02
김 시윤	F시	2018-03-24
김 강민	G시	2017-06-08
김 지성	A시	43188
김 윤찬	C시	2017-04-06
김 민호	F시	2018-07-09
김 윤성	F시	2017-03-03
김 지후	D시	43110
김 현진	H시	2017-07-13
김 태양	A시	2018-03-11
김 대현	H시	2017-01-30
김 재준	A시	2018-02-21
김 민건	F시	2017-02-14
김 도경	H시	2018-06-13
김 지민	F시	2017-05-23
김 은호	H시	2018-05-22
김 민혁	A시	2017-05-13
김 민찬	B시	2018-03-13
김 승원	C시	2017-05-17
김 정현	G시	2018-03-29
김 승유	A시	2017-04-27
김 세현	C시	2018-03-17
김 승윤	F시	2017-03-25
김 이준	B시	2018-02-10
김 경민	E시	2017-07-05
김 정훈	D시	2018-07-30
김 성우	E시	42885
김 은율	C시	2018-05-03
김 도훈	F시	2017-06-12
김 태현	B시	2018-02-13
김 주안	G시	2017-05-05
김 동욱	A시	2018-07-04
김 재훈	D시	2017-03-23
김 도율	C시	2018-01-26
김 예찬	B시	2017-07-03
김 태훈	A시	2018-01-06
김 준석	F시	2017-03-04
김 원준	A시	2018-03-08
김 민준	H시	2017-07-01
김 은찬	H시	2018-03-24
김 영준	A시	2017-01-23
김 주한	D시	43254
김 현수	E시	2017-04-07
김 건희	B시	2018-01-21
김 규민	F시	2017-01-08
김 재혁	G시	43129
김 승재	C시	2017-02-12
김 정후	G시	2018-05-07
김 성현	C시	2017-04-09
정 영훈	A시	43206
김 민우	B시	2017-01-05
김 주환	B시	2018-05-02
김 준호	G시	2017-02-20
김 준우	C시	2018-06-25
김 시율	F시	2017-07-15
김 도하	G시	2018-02-17
김 규현	F시	2017-03-21
김 주현	B시	2018-03-08
김 정민	B시	2017-07-01
김 건우	G시	2018-04-24
정 도형	A시	2017-04-13
김 연준	A시	2018-07-29
김 강현	D시	2017-06-07
김 태우	F시	2018-06-18
김 지율	B시	2017-03-15
김 지용	B시	2018-07-21
김 지오	F시	42880
김 수호	C시	2018-04-14
김 가온	C시	2017-01-26
김 유찬	A시	2018-06-19
김 상현	G시	42818
김 시완	A시	2018-05-20
김 도원	A시	2017-03-29
김 시우	H시	2018-05-19
김 은성	G시	2017-02-18
김 성윤	F시	2018-03-05
김 우빈	D시	2017-07-20
김 준수	E시	2018-02-17
김 연호	E시	2017-02-07
정 우석	B시	2018-06-16
김 민규	B시	2017-06-13
김 태영	D시	2018-06-17
김 은혁	E시	42754
김 준영	E시	2018-03-08
김 지환	C시	2017-03-23
김 서진	G시	2018-06-29
김 서윤	G시	2017-01-30
김 하민	E시	2018-05-12
김 현준	E시	2017-07-02
김 승현	F시	2018-05-20
김 우영	D시	2017-04-12
김 재윤	C시	2018-02-23
김 한결	C시	2017-02-18
김 우주	A시	2018-03-04
김 지혁	A시	2017-03-29
김 민서	B시	2018-07-02
김 찬영	C시	2017-06-28
김 시환	F시	2018-05-27
김 수현	E시	2017-02-22
김 서율	G시	43181
정 준기	B시	2017-02-05
김 성훈	B시	2018-01-09
김 시호	H시	2017-06-12
김 재호	C시	2018-02-14
김 재우	D시	2017-04-14
김 동하	F시	2018-03-15
김 우현	C시	42743
김 민기	G시	2018-07-19
김 승환	B시	2017-05-23
김 다온	A시	2018-05-01
김 승우	B시	42940
김 성준	H시	2018-05-24
김 승호	F시	2017-04-08
김 승주	E시	43294
김 태윤	E시	2017-05-09
김 민수	D시	2018-07-22
김 현민	D시	2017-07-30
김 유진	B시	2018-06-14
김 지안	B시	2017-01-28
김 현석	H시	43259
김 선우	H시	2017-05-05
김 지원	H시	2018-02-27
김 재희	G시	2017-06-20
김 도영	E시	2018-06-20
김 이안	F시	2017-04-29
김 시현	H시	2019-04-19
김 서우	D시	2019-04-23
